participant_id	species	strain	strain_rrid
sub-001	Drosophila melanogaster	FRT40A tsMARCM	
sub-002	Drosophila melanogaster	FRT40A tsMARCM	
sub-003	Drosophila melanogaster	FRT40A tsMARCM	
sub-004	Drosophila melanogaster	FRT40A tsMARCM	
sub-005	Drosophila melanogaster	FRT40A tsMARCM	
sub-006	Drosophila melanogaster	FRT40A tsMARCM	
sub-007	Drosophila melanogaster	FRT40A tsMARCM	
sub-008	Drosophila melanogaster	FRT40A tsMARCM	
sub-009	Drosophila melanogaster	FRT40A tsMARCM	
sub-010	Drosophila melanogaster	FRT40A tsMARCM	
sub-011	Drosophila melanogaster	FRT40A tsMARCM	
sub-012	Drosophila melanogaster	FRT40A tsMARCM	
sub-013	Drosophila melanogaster	FRT40A tsMARCM	
sub-014	Drosophila melanogaster	FRT40A tsMARCM	
sub-015	Drosophila melanogaster	FRT40A tsMARCM	
sub-016	Drosophila melanogaster	FRT40A tsMARCM	
sub-017	Drosophila melanogaster	FRT40A tsMARCM	
sub-018	Drosophila melanogaster	FRT40A tsMARCM	
sub-019	Drosophila melanogaster	FRT40A tsMARCM	
sub-020	Drosophila melanogaster	FRT40A tsMARCM	
sub-021	Drosophila melanogaster	FRT40A tsMARCM	
sub-022	Drosophila melanogaster	FRT40A tsMARCM	
sub-023	Drosophila melanogaster	FRT40A tsMARCM	
sub-024	Drosophila melanogaster	FRT40A tsMARCM	
sub-025	Drosophila melanogaster	FRT40A tsMARCM	
sub-026	Drosophila melanogaster	FRT40A tsMARCM	
sub-027	Drosophila melanogaster	FRT40A tsMARCM	
sub-028	Drosophila melanogaster	FRT40A tsMARCM	
sub-029	Drosophila melanogaster	FRT40A tsMARCM	
sub-030	Drosophila melanogaster	FRT40A tsMARCM	
sub-031	Drosophila melanogaster	FRT40A tsMARCM	
sub-032	Drosophila melanogaster	FRT40A tsMARCM	
sub-033	Drosophila melanogaster	FRT40A tsMARCM	
sub-034	Drosophila melanogaster	FRT40A tsMARCM	
sub-035	Drosophila melanogaster	FRT40A tsMARCM	
sub-036	Drosophila melanogaster	FRT40A tsMARCM	
sub-037	Drosophila melanogaster	FRT40A tsMARCM	
sub-038	Drosophila melanogaster	FRT40A tsMARCM	
sub-039	Drosophila melanogaster	FRT40A tsMARCM	
sub-040	Drosophila melanogaster	FRT40A tsMARCM	
sub-041	Drosophila melanogaster	FRT40A tsMARCM	
sub-042	Drosophila melanogaster	FRT40A tsMARCM	
sub-043	Drosophila melanogaster	FRT40A tsMARCM	
sub-044	Drosophila melanogaster	FRT40A tsMARCM	
sub-045	Drosophila melanogaster	FRT40A tsMARCM	
sub-046	Drosophila melanogaster	FRT40A tsMARCM	
sub-047	Drosophila melanogaster	FRT40A tsMARCM	
sub-048	Drosophila melanogaster	FRT40A tsMARCM	
sub-049	Drosophila melanogaster	FRT40A tsMARCM	
sub-050	Drosophila melanogaster	FRT40A tsMARCM	
sub-051	Drosophila melanogaster	FRT40A tsMARCM	
sub-052	Drosophila melanogaster	FRT40A tsMARCM	
sub-053	Drosophila melanogaster	FRT40A tsMARCM	
sub-054	Drosophila melanogaster	FRT40A tsMARCM	
sub-055	Drosophila melanogaster	FRT40A tsMARCM	
sub-056	Drosophila melanogaster	FRT40A tsMARCM	
sub-057	Drosophila melanogaster	FRT40A tsMARCM	
sub-058	Drosophila melanogaster	FRT40A tsMARCM	
