sample_id	participant_id	sample_type	experimental_condition	experimental_round	original_brain_number
sample-001	sub-001	tissue	sham	round 1	2
sample-002	sub-002	tissue	sham	round 1	3
sample-003	sub-003	tissue	sham	round 1	4
sample-004	sub-004	tissue	sham	round 1	5
sample-005	sub-005	tissue	sham	round 1	6
sample-006	sub-006	tissue	HU	round 1	1
sample-007	sub-007	tissue	HU	round 1	2
sample-008	sub-008	tissue	HU	round 1	3
sample-009	sub-009	tissue	HU	round 1	4
sample-010	sub-010	tissue	HU	round 1	5
sample-011	sub-011	tissue	HU	round 1	6
sample-012	sub-012	tissue	sham	round 2	1
sample-013	sub-013	tissue	sham	round 2	2
sample-014	sub-014	tissue	sham	round 2	3
sample-015	sub-015	tissue	sham	round 2	4
sample-016	sub-016	tissue	sham	round 2	5
sample-017	sub-017	tissue	sham	round 2	6
sample-018	sub-018	tissue	sham	round 2	7
sample-019	sub-019	tissue	sham	round 2	8
sample-020	sub-020	tissue	sham	round 2	10
sample-021	sub-021	tissue	sham	round 2	11
sample-022	sub-022	tissue	sham	round 2	12
sample-023	sub-023	tissue	sham	round 2	14
sample-024	sub-024	tissue	sham	round 2	15
sample-025	sub-025	tissue	sham	round 2	16
sample-026	sub-026	tissue	HU	round 2	1
sample-027	sub-027	tissue	HU	round 2	2
sample-028	sub-028	tissue	HU	round 2	3
sample-029	sub-029	tissue	HU	round 2	4
sample-030	sub-030	tissue	HU	round 2	5
sample-031	sub-031	tissue	HU	round 2	6
sample-032	sub-032	tissue	HU	round 2	8
sample-033	sub-033	tissue	HU	round 2	9
sample-034	sub-034	tissue	HU	round 2	10
sample-035	sub-035	tissue	HU	round 2	11
sample-036	sub-036	tissue	HU	round 2	12
sample-037	sub-037	tissue	HU	round 2	13
sample-038	sub-038	tissue	HU	round 2	14
sample-039	sub-039	tissue	HU	round 2	15
sample-040	sub-040	tissue	HU	round 2	16
sample-041	sub-041	tissue	HU	round 2	17
sample-042	sub-042	tissue	HU	round 2	19
sample-043	sub-043	tissue	HU	round 2	20
sample-044	sub-044	tissue	HU	round 2	21
sample-045	sub-045	tissue	HU	round 2	22
sample-046	sub-046	tissue	HU	round 2	23
sample-047	sub-047	tissue	HU	round 2	24
sample-048	sub-048	tissue	HU	round 2	25
sample-049	sub-049	tissue	HU	round 2	26
sample-050	sub-050	tissue	HU	round 2	27
sample-051	sub-051	tissue	HU	round 2	28
sample-052	sub-052	tissue	HU	round 2	29
sample-053	sub-053	tissue	HU	round 2	30
sample-054	sub-054	tissue	HU	round 2	31
sample-055	sub-055	tissue	HU	round 2	32
sample-056	sub-056	tissue	HU	round 2	33
sample-057	sub-057	tissue	HU	round 2	34
sample-058	sub-058	tissue	HU	round 2	35
